Subscription Number,Block Number
13,4762
18,1288
20,1289
22,4753
24,4749
38,1246
40,4744
54,1236
57,1214
61,4831
73,4918
82,4923
84,4921
106,1766
143,2227
165,1781
166,2187
167,2149
171,2183
175,2155
178,2157
184,2140
186,2142
199,2132
200,2128
205,1792
206,1779
210,1785
211,1771
212,1772
223,2619
225,2629
231,2658
232,3807
237,2596
522,3018
567,5238
780,
844,240
906,1488
915,916
1’002,72
1’008,95
1’019,740
1’020,739
1’021,738
1’022,748
1’024,745
1’027,250
1’032,746
1’320,1533
1’565,4949
1’746,762
1’930,4843
2’050,1887
2’450,775
2’453,43
2’493,3455
3’495,2213
4’390,176
4’928,184
6’722,10
7’370,43
7’428,4375
7’645,753
7’931,23
8’203,13
8’215,30
8’867,1018
9’065,660
9’084,4626
9’279,1162
9’395,146
9’399,4172
9’400,1170
9’401,292
9’402,223
9’409,205
9’412,181
9’413,167
9’414,135
9’415,
9’416,201
9’418,
9’421,214
9’427,523
9’428,511
9’429,518
9’430,198
9’435,60
9’440,559
9’446,131
9’477,154
9’489,133
9’490,674
9’539,408
9’571,586
9’572,610
9’573,4236
9’578,533
9’579,599
9’607,4251
9’615,423
9’649,2003
9’658,136
9’675,4282
9’676,443
9’684,646
9’689,4503
9’694,4327
9’715,4572
9’716,498
9’720,4340
9’721,4173
9’723,521
9’751,431
9’752,4537
9’768,1292
9’770,1534
9’772,36
9’784,4769
9’809,5325
9’814,39
9’834,1319
9’891,1229
9’894,1261
9’902,2418
9’913,1250
9’976,5266
9’985,4817
9’995,734
9’998,74
10’022,1543
10’025,4913
10’026,4752
10’027,4773
10’030,1509
10’031,1520
10’032,1510
10’034,1308
10’041,251
10’042,1275
10’047,1296
10’048,1317
10’049,1517
10’095,4758
10’096,1307
10’127,639
10’131,4538
10’136,4505
10’361,241
10’512,4746
10’550,569
10’568,606
10’569,5292
10’606,35
10’609,4736
10’641,1542
10’659,4819
10’666,1514
10’668,4770
10’696,1294
10’730,4742
10’731,1274
10’820,4764
10’821,4745
10’822,1248
10’824,4741
10’856,4766
10’857,1303
10’871,4730
10’875,1305
10’877,1216
10’881,37
10’900,1278
10’902,4751
10’911,1284
10’916,1513
10’920,1277
10’925,641
10’965,290
11’011,4926
11’027,98
11’086,4350
11’133,1516
11’134,1506
11’139,494
11’147,576
11’182,1272
11’204,493
11’205,491
11’206,4683
11’215,496
11’216,567
11’277,4325
11’319,524
11’325,479
11’326,478
11’327,102
11’355,127
11’374,4355
11’378,620
11’388,4907
11’401,4276
11’405,4432
11’411,665
11’412,446
11’434,5263
11’439,
11’440,694
11’446,4443
11’447,4456
11’461,4237
11’464,4557
11’506,4058
11’517,172
11’538,565
11’540,4401
11’553,4681
11’564,4469
11’567,4459
11’569,3921
11’576,3958
11’611,3902
11’614,5239
11’619,
11’620,3899
11’628,4519
11’629,3953
11’631,4490
11’683,4454
11’692,4901
11’719,4338
11’726,3956
11’770,5279
11’783,1251
11’789,4690
11’827,3900
11’849,4698
11’878,1156
11’893,5294
11’911,
11’913,5240
11’917,1131
11’918,1154
11’928,4134
11’932,5296
11’933,4132
11’945,63
11’951,4125
11’954,1125
11’957,4274
11’958,4159
11’964,1146
11’965,
11’966,4787
11’967,1139
11’969,1164
11’973,5295
11’977,4128
11’979,4842
11’980,4837
11’982,1166
11’983,1142
11’984,4780
11’985,1143
11’990,1127
11’991,4143
11’995,4672
12’033,1155
12’062,3994
12’074,3979
12’075,3960
12’076,3962
12’077,3985
12’083,1353
12’109,4312
12’110,4303
12’121,4699
12’133,4302
12’134,4311
12’135,4304
12’137,4299
12’139,4305
12’151,4367
12’153,4310
12’155,
12’166,4968
12’167,1747
12’195,3924
12’201,134
12’220,4811
12’230,1336
12’259,4640
12’277,4813
12’287,4898
12’295,3952
12’296,3922
12’297,3950
12’299,3948
12’304,643
12’306,4522
12’308,4515
12’310,650
12’313,625
12’317,4497
12’320,3913
12’323,4513
12’391,4042
12’392,4059
12’394,4060
12’395,4053
12’396,4043
12’397,4061
12’402,4430
12’414,626
12’415,4482
12’424,4243
12’446,1593
12’452,691
12’475,4300
12’485,433
12’572,
12’579,543
12’659,4306
12’784,4781
12’785,778
12’792,4179
12’793,4530
12’799,4533
12’801,4531
12’802,1136
12’817,1132
12’865,3898
12’877,5236
12’879,547
12’901,1527
12’918,4186
12’934,801
12’935,769
12’945,4365
12’950,5
12’953,4823
12’999,
13’001,121
13’022,4814
13’033,1243
13’034,1231
13’086,4665
13’110,1539
13’113,1540
13’163,579
13’174,593
13’209,764
13’227,1511
13’232,1529
13’233,1528
13’236,1515
13’239,4900
13’240,4776
13’242,4966
13’250,1318
13’253,1742
13’256,4902
13’259,1531
13’260,1228
13’270,1273
13’298,1230
13’310,64
13’328,4827
13’329,1210
13’380,1295
13’381,426
13’385,4824
13’386,1242
13’387,4779
13’397,4822
13’398,1232
13’399,4821
13’408,4816
13’409,1224
13’411,1538
13’477,984
13’490,1536
13’537,18
13’566,5059
13’567,2204
13’683,6
13’742,4011
13’760,600
13’776,1349
13’796,955
13’823,622
13’824,3919
13’852,4178
13’868,222
13’869,728
13’888,1315
13’889,1316
13’893,574
13’942,653
13’985,3866
13’986,1382
14’032,4508
14’038,4033
14’048,1153
14’056,4334
14’090,4332
14’106,4553
14’140,4036
14’148,4517
14’159,1754
14’176,5259
14’198,4527
14’235,4287
14’236,65
14’243,842
14’265,667
14’274,1334
14’304,1126
14’410,840
14’471,5261
14’472,3993
14’496,4500
14’506,4575
14’519,4112
14’524,843
14’578,4162
14’671,4558
14’743,4111
14’744,4283
14’746,4551
14’769,3992
14’834,4285
14’835,4567
14’836,587
14’934,4140
14’950,2144
14’987,2154
15’017,2222
15’082,273
15’103,1454
15’133,4962
15’151,2677
15’249,2208
15’288,126
15’319,2147
15’349,659
15’385,2170
15’433,5290
15’483,497
15’503,1267
15’587,1778
15’642,1840
15’651,1505
15’715,534
15’718,4577
15’719,460
15’737,1535
15’775,5254
15’779,
15’803,833
15’812,1782
15’815,1117
15’820,1109
15’841,1187
15’843,1119
15’851,785
15’852,835
15’853,780
15’861,1178
15’881,1129
15’891,1106
15’893,1768
15’894,1145
15’897,
15’902,51
15’912,1390
15’915,783
15’927,1140
15’942,829
15’955,442
15’957,1113
16’016,1346
16’084,1223
16’105,693
16’107,4264
16’122,597
16’131,958
16’140,
16’141,656
16’149,
16’153,1776
16’213,2102
16’216,4917
16’224,4
16’230,1313
16’270,4890
16’301,1330
16’320,1492
16’357,1314
16’365,1329
16’367,1332
16’372,4628
16’425,749
16’453,4778
16’473,2169
16’490,689
16’507,3946
16’520,4955
16’742,413
16’794,861
16’846,173
16’850,1377
16’971,692
17’008,673
17’052,
17’058,4446
17’066,1081
17’079,1034
17’081,
17’100,1050
17’101,1049
17’113,1045
17’114,2686
17’129,1387
17’161,844
17’220,1245
17’254,366
17’280,45
17’288,1493
17’295,4099
17’296,1158
17’309,1183
17’311,4088
17’315,1159
17’328,4085
17’329,4087
17’331,1182
17’332,4800
17’335,5260
17’341,4509
17’347,4024
17’365,4101
17’373,1092
17’374,1100
17’375,1160
17’377,4794
17’378,1163
17’382,4023
17’385,1077
17’401,3586
17’412,4005
17’414,3608
17’415,4019
17’427,171
17’443,793
17’454,1062
17’464,3579
17’470,591
17’478,3941
17’500,1184
17’519,3977
17’521,874
17’529,
17’543,1032
17’574,5311
17’579,3982
17’581,5308
17’586,3999
17’587,3996
17’595,1390
17’642,1059
17’664,1060
17’700,4091
17’729,986
17’788,854
17’822,1753
17’869,3611
17’889,419
17’909,403
18’027,4552
18’116,4878
18’166,1525
18’170,608
18’191,3943
18’253,2
18’266,1040
18’279,4376
18’469,4909
18’497,2574
18’588,651
18’710,487
18’711,4645
18’723,1185
18’741,3906
18’742,
18’749,671
18’752,3912
18’753,3910
18’757,1186
18’768,697
18’771,5252
18’788,4110
18’789,5249
18’793,1071
18’799,1537
18’867,2
18’882,3765
18’884,4850
18’885,361
18’933,2
18’990,4284
18’996,4185
19’023,9
19’088,4052
19’209,4333
19’214,4455
19’291,2
19’298,
19’326,43
19’429,1788
19’451,4022
19’457,1043
19’536,4677
19’537,637
19’556,1388
19’558,1388
19’567,983
19’575,1017
19’588,3538
19’597,4174
19’600,1011
19’603,1015
19’618,3772
19’637,4326
19’640,
19’755,1179
19’759,4017
19’793,3664
19’812,3571
19’902,1203
19’903,1202
19’910,4273
19’918,1090
19’920,1201
19’931,9
19’952,3604
19’954,1013
19’957,3934
20’012,3325
20’025,3572
20’031,9
20’039,3318
20’075,5306
20’126,4658
20’132,3553
20’188,4586
20’254,741
20’264,4020
20’272,4030
20’291,4582
20’292,5237
20’293,4585
20’294,4118
20’299,4122
20’325,4584
20’333,2029
20’340,3581
20’349,3560
20’378,725
20’414,4252
20’430,1386
20’515,2
20’596,450
20’611,3566
20’694,4580
20’752,4124
20’758,227
20’762,995
20’793,
20’844,67
20’877,1326
20’967,3561
20’978,4290
20’990,4141
21’007,657
21’014,4289
21’021,658
21’087,4678
21’139,787
21’148,839
21’167,324
21’292,4528
21’310,3925
21’353,3504
21’359,3375
21’360,3497
21’378,
21’413,3510
21’432,2879
21’437,1038
21’439,3335
21’466,1438
21’471,3340
21’493,3915
21’614,
21’672,1056
21’711,4359
21’733,
21’808,3472
21’876,4324
21’890,3329
21’965,1340
22’058,373
22’096,4709
22’159,888
22’173,396
22’175,1118
22’232,5273
22’322,2723
22’329,4653
22’333,178
22’339,923
22’343,170
22’370,4156
22’372,924
22’375,570
22’377,922
22’385,938
22’386,4704
22’406,1351
22’412,5301
22’433,1000
22’441,4504
22’442,4328
22’454,4566
22’464,3942
22’466,5274
22’477,1388
22’478,4545
22’592,4568
22’595,996
22’622,
22’656,
22’657,3927
22’782,1333
22’930,1577
22’933,913
22’955,2621
23’005,2126
23’006,1827
23’007,2607
23’041,2681
23’046,1830
23’047,1825
23’048,1832
23’059,2421
23’063,2304
23’066,2678
23’072,2698
23’094,2305
23’121,2562
23’142,2646
23’147,3124
23’189,3416
23’195,3346
23’197,3120
23’200,3110
23’201,3111
23’217,2314
23’223,2626
23’233,3119
23’234,3418
23’241,3583
23’245,
23’250,2271
23’265,1104
23’278,817
23’286,3396
23’326,2652
23’330,4054
23’350,806
23’351,808
23’359,2765
23’361,2710
23’365,805
23’369,865
23’373,4707
23’375,870
23’393,1743
23’394,2301
23’402,793
23’405,3395
23’435,3368
23’442,5271
23’451,2894
23’452,3354
24’003,4757
24’006,1311
24’012,1617
24’018,2270
24’019,2031
24’044,857
24’046,1580
24’068,2108
24’100,3476
24’111,
24’117,105
24’125,2606
24’143,3590
24’146,281
24’157,
24’163,1611
24’169,448
24’181,1053
24’182,4857
24’183,911
24’185,1007
24’195,2364
24’215,914
24’227,4847
24’228,1147
24’247,863
24’265,999
24’275,1167
24’276,1148
24’291,875
24’301,2740
24’306,4516
24’355,1586
24’370,921
24’376,2310
24’379,910
24’388,3542
24’406,2024
24’408,4314
24’416,915
24’417,1051
24’430,1891
24’440,4103
24’449,1065
24’461,1039
24’463,1270
24’468,168
24’482,1558
24’499,2250
24’519,2839
24’520,4137
24’521,4631
24’527,2846
24’550,2033
24’551,4238
24’555,2597
24’574,4378
24’584,4028
24’598,3591
24’603,1398
24’610,1495
24’628,4417
24’631,4095
24’637,605
24’646,2295
24’648,1993
24’651,445
24’658,1845
24’669,304
24’675,1019
24’678,3642
24’679,1066
24’681,3072
24’684,4540
24’685,4136
24’687,323
24’688,294
24’690,4544
24’694,790
24’695,4565
24’699,512
24’702,4100
24’703,1087
24’705,5307
24’707,1496
24’708,809
24’710,3348
24’712,2845
24’727,4785
24’728,1114
24’729,4040
24’757,2438
24’758,4374
24’759,4659
24’766,4660
24’796,4860
24’798,2712
24’802,2246
24’803,2425
24’807,973
24’810,4496
24’816,2767
24’825,3461
24’826,3599
24’827,3643
24’828,3532
24’829,3656
24’830,3641
24’831,3601
24’832,3534
24’836,2424
24’842,3527
24’843,3632
24’853,
24’855,4153
24’856,1052
24’858,3646
24’860,4063
24’862,949
24’865,939
24’874,4142
24’875,2675
24’883,2427
24’888,1828
24’913,2106
24’916,3974
24’921,2286
24’923,23
24’926,3647
24’929,2983
24’937,3650
24’944,3458
24’948,3463
24’949,5210
24’952,4234
24’990,4319
27’001,4317
27’007,4018
27’028,217
27’057,2317
27’084,3603
27’104,5232
27’109,2365
27’123,4026
27’124,156
27’127,4767
27’137,1195
27’145,927
27’151,588
27’167,23
27’196,3477
27’197,2858
27’292,1849
27’315,4377
27’353,4930
27’501,3102
27’558,3323
27’594,2407
27’642,
27’653,4318
27’698,215
27’726,4032
27’858,613
27877,4495
27911,4015
27912,3981
27947,899
27976,1834
29016,1584
29033,122
29051,3433
29054,1900
29072,544
29085,554
29091,3086
29092,3059
29’093,1027
29100,1452
29112,1956
29120,1752
29121,601
29131,1831
29136,4838
29178,
29179,1607
29180,1613
29209,3957
29219,1998
29224,4493
29226,3930
29229,1836
29292,1805
29334,1490
29357,4031
29358,4000
29363,2116
29364,4570
29412,4805
29429,486
29434,1042
29456,2430
29467,4144
29470,4886
29472,4147
29485,1957
29495,1335
29503,3056
29509,1409
29539,3355
29548,4806
29552,1207
29553,4069
29569,3491
29577,4013
29581,1385
29590,3350
29591,2653
29597,1037
29618,1812
29634,2093
29636,1606
29668,715
29682,3980
29690,4651
29697,4083
29701,2724
29714,4845
29732,1744
29734,3596
29735,594
29740,672
29750,1116
29756,3918
29783,1482
29810,1759
29833,1068
29871,3551
29874,3944
29880,1591
29918,4993
29929,4073
29963,4034
29966,4539
29984,3517
30060,1078
30’093,919
30102,4667
30110,647
30111,4435
30115,2704
30121,4978
30130,3990
30131,4836
30132,2705
30138,4154
30156,878
30207,
30215,1094
30221,997
30224,4114
30227,4056
30269,3361
30272,1124
30273,4782
30291,1833
30302,618
30314,1389
30315,1389
30316,3984
30317,4037
30330,2173
30331,1075
30338,3776
30361,3066
30365,1413
30366,5124
30371,1096
30396,4349
30401,1041
30417,831
30418,4810
30441,548
30452,1557
30480,3523
30501,1406
30524,4313
30545,3928
30572,976
30574,4014
30575,5298
30583,1843
30600,1022
30606,654
30621,940
30635,4783
30650,4644
30655,160
30674,1389
30692,577
30704,4844
30705,993
30707,1149
30708,3968
30717,703
30734,453
30802,2762
30810,4754
30852,920
30862,3609
30865,4679
30896,610
30897,3085
30903,500
30935,3771
30939,3613
30960,5199
30963,3243
30965,2555
30976,903
30986,271
33005,4887
33043,4521
33056,418
33089,4044
33095,5226
33098,2568
33106,2567
33107,2751
33125,213
33144,4933
33161,4062
33201,
33202,4035
33203,648
33219,2978
33231,310
33270,2649
33291,2
33299,1518
33302,4937
33321,1369
33333,1253
33346,4920
33364,5256
33401,2414
33413,4051
33470,1389
33480,1502
33490,4481
33504,3320
33573,648
33591,2680
33597,1926
33599,2540
33602,1219
33617,4257
33644,62
33666,5127
33676,1364
33694,2542
33696,4922
33718,510
33724,2632
33732,2631
33737,2645
33739,633
33763,
33773,2647
33824,463
33840,
33841,1890
33844,2122
33855,5101
33876,334
33886,4370
33888,5269
33906,4906
33910,2465
33916,1324
33929,4713
33930,786
33931,836
33933,872
33937,4536
33947,1121
33967,4453
33971,677
37005,2648
37017,2592
37031,4296
37069,2747
37089,4833
37096,2541
37112,5132
37116,2577
37117,2630
37119,2575
37122,5133
37125,2584
37127,5117
37128,2735
37145,2868
37149,2674
37153,5291
37157,2419
37165,1120
37166,2707
37167,2609
37168,2604
37181,2537
37183,4671
37184,5107
37188,4167
37190,2706
37192,1302
37202,2556
37204,5126
37209,2683
37216,5116
37243,2726
37284,2548
37326,4498
37333,4616
37335,2746
37338,3978
37347,4535
37362,2861
37418,4093
37497,4887
37498,4499
37503,4878
37507,5233
37763,4291
37793,1086
37801,2709
37810,2836
37816,4240
37817,2588
37851,1031
37853,3546
37933,1849
37978,4543
37998,1363
41963,4139
41967,4980
41971,358
41973,1576
41975,3299
41976,5157
44027,4115
44029,3659
44070,3084
44086,3402
44’097,70
44156,934
44169,967
44252,3089
44256,3401
44263,2423
44270,3965
44271,4532
44291,3082
44292,3118
44304,4547
44314,3405
44316,4171
44326,2701
44333,3479
44334,3434
44356,4364
44374,4471
44383,633
44408,3774
44413,1819
44421,956
44426,181
44435,
44437,1801
44441,1112
44457,3959
44460,4578
44476,3487
44482,953
44489,4123
44500,2028
44526,3644
44530,3103
44546,3739
44553,5257
44554,4990
44561,4436
44568,1394
44580,3139
44581,3676
44600,3098
44601,3358
44617,2434
44622,5205
44625,393
44656,2949
44671,3777
44672,1896
44680,3241
44684,1955
44691,832
44720,2341
44741,5227
44780,3482
44784,1144
44787,561
44791,507
44800,1028
44804,3486
44814,4523
44894,4472
44898,2337
44905,852
44906,1005
44929,1432
44935,1021
45016,945
45024,2026
45026,1583
45027,4856
45041,4180
45064,627
45075,1615
45101,936
45108,3668
45144,2431
45145,2429
45165,3666
45166,5229
45180,4889
45215,5185
45226,900
45235,4106
45241,893
45251,4441
45256,1581
45264,216
45277,828
45298,3536
45320,4872
45321,
45325,421
45330,4331
45350,849
45373,218
45408,1842
45412,765
45413,1069
45423,441
45454,4661
45493,1352
45539,262
45552,1339
45554,1105
45558,4697
45606,2557
45613,2602
45630,3064
45641,619
45’644,568
45680,1025
45705,1138
45728,1029
45740,2322
45795,163
45826,4039
45835,3474
45924,1901
45925,4942
45928,1799
45941,4941
45947,1616
45961,3731
45965,2758
45975,3126
45977,3255
45987,1445
45988,1446
45992,4604
45995,3169
46002,3050
46003,5002
46024,1612
46026,345
46029,4323
46040,3029
46042,4057
46046,3345
46054,3734
46085,696
46091,354
46092,843
46100,3905
46113,2643
46115,
46129,2362
46132,1093
46144,3091
46’150,2665
46168,2461
46169,2515
46200,2514
46229,1338
46245,238
46252,4534
46256,374
46263,375
46265,2419
46268,
46279,1408
46303,966
46308,1451
46312,592
46359,645
46376,4025
46383,580
46400,850
46401,4688
46403,2642
46416,950
46421,5303
47108,2032
47110,5228
47112,3651
47173,2410
47177,1982
47185,4878
47236,1892
47243,5272
47’244,3931
47245,3945
47246,3929
47286,4834
47318,798
47364,4090
47395,2015
47398,2405
47401,2402
47415,2403
47560,1379
47679,1103
47825,243
47876,1501
47878,4871
47882,4869
47995,4870
48065,1208
48066,3508
48070,5300
48079,2467
48081,4489
48111,2089
48116,3562
48336,4692
48350,3398
48373,3602
48402,96
48490,4637
48491,116
48492,4193
48493,5241
48544,1165
48625,894
48654,3067
48725,3336
48727,1989
48728,3796
48765,3276
48770,168
48920,451
49072,2875
49091,3802
49111,4846
49168,4662
49169,2404
49266,70
49277,3966
49284,639
49326,1122
49362,818
49425,4301
49427,3077
49428,3403
49496,2891
49522,4442
49528,2411
49531,1026
49532,846
49589,1035
49654,70
49’672,4561
49724,2462
49734,3963
49817,1981
49822,4461
49854,5209
49864,4663
49870,856
49904,3273
49935,3244
49947,3101
49964,2882
50028,3245
50038,595
50049,1553
50079,731
50130,2954
50186,4460
50364,825
50423,686
50475,743
50638,1044
50699,2342
50717,2890
50729,
50777,2466
50791,308
50812,991
50929,4643
50930,422
50940,528
51020,4562
51250,2558
51286,1372
51287,1371
51288,4882
51295,4883
51451,1378
51453,1374
51532,3015
51597,2702
51607,4433
51664,1595
51719,4657
51729,1498
51794,75
52174,3258
52247,628
52328,3665
52376,1909
52387,4045
52441,3044
53067,1484
53068,1718
53069,1854
53070,1560
53071,1719
54065,436
54115,101
54215,2313
54283,1797
54302,2835
54436,4893
54438,714
54528,
54548,890
54633,5200
54659,596
54772,884
54782,4149
54830,3652
54898,974
54908,1320
54934,1791
54955,1453
54957,5050
55014,407
55059,925
55207,4293
55218,1554
55264,813
55300,5244
55383,
55414,106
55515,114
55516,449
55539,1579
55640,2509
55733,918
55879,39
55880,39
55992,242
56098,2433
56140,3097
56152,1443
56162,1322
56242,104
56248,169
56262,1243
56327,4839
56342,1978
56361,4027
56381,149
56413,4330
56446,4682
56573,4055
56596,3107
56649,3062
56651,4004
56757,1188
56782,4564
56855,
56878,5245
57081,3163
57263,5283
57300,4245
57348,3052
57356,100
57449,727
57492,1384
57809,704
57813,1440
57854,1401
57886,3573
57992,88
58194,4145
58263,2933
58277,4666
58312,1524
58314,1339
58332,4911
58333,3723
58351,1521
58375,3917
58394,3327
58412,3972
58472,4936
58476,1519
58478,1324
58492,1551
58497,3058
58499,648
58532,1741
58539,1300
58543,93
58546,1530
58590,1523
58594,1507
58632,2416
58684,1151
58689,4919
58710,1442
58732,1546
58733,1547
58753,4747
58775,3528
58776,3317
58779,1508
58862,503
59073,1748
59076,314
59112,2953
59113,5246
59116,4840
59151,4600
59207,3073
59232,255
59233,5167
59265,4992
59294,4629
59390,1323
59480,3370
59501,1456
59600,1594
59602,1173
59697,1306
59880,159
59889,420
59913,677
59945,2564
60021,4272
60’071,1312
60079,985
60080,985
60081,726
60147,2908
60250,681
60271,4529
60339,3356
60393,3577
60410,5164
60478,3574
60501,2136
60534,3580
60552,1389
60683,3547
60741,3464
60799,3384
60846,1339
60848,1279
60856,1758
60860,4755
61009,1765
61143,80
61390,1024
61398,3088
61531,4076
61615,2166
61653,2295
61654,2295
61701,1328
61848,1345
61994,2295
62148,3366
62151,1455
62250,4863
62425,3046
62534,814
62604,4001
62896,2931
62951,3353
62960,2295
62976,812
62987,2874
63029,3575
63130,1919
63171,3548
63233,4345
63281,5250
63368,4339
63394,3100
63460,5258
63461,3053
63486,2847
63497,732
63513,4047
63518,4255
63527,5016
63572,2254
63592,3093
63629,4094
63631,1688
63687,1324
63724,3413
63767,3619
63785,1457
63925,1342
63989,1690
64165,807
64289,3940
64308,1860
64405,37
64407,37
64452,3901
64488,634
64706,
64710,1686
64711,1712
64719,111
64740,2295
64783,2834
64847,3970
64869,1384
64870,1384
64871,1384
64970,2112
65315,4903
65484,3105
65493,1959
65588,1489
65828,1500
65890,2829
65919,5182
65938,4080
65945,1339
65946,1339
65951,1209
65965,1846
66139,2627
66210,1003
66280,4721
66358,5033
66466,4012
66467,1243
66519,4008
67007,1804
67008,1807
67202,70
67537,1152
67561,1009
67571,708
67575,696
67694,2639
67730,3541
67733,2853
67747,1355
67784,81
67785,2600
67787,4873
67788,2857
67808,4322
67852,2617
67958,4641
67970,726
67971,726
67973,726
67977,726
67978,726
67979,726
68008,4693
68037,932
68084,2162
68194,108
68267,2165
68288,5280
68381,3493
68402,2734
68426,1783
68431,1266
68438,3051
68442,432
68446,1252
68453,1237
68481,2308
68510,2527
68511,2719
68517,2741
68558,753
68566,2870
68590,2694
68608,2744
68645,2730
68672,2661
68684,1304
68692,2554
68696,2614
68737,1256
68739,2729
68758,2685
68800,2622
68959,2590
68996,2759
69019,1596
69087,2203
69106,2417
69109,
69147,2866
69153,2850
69174,758
69176,1388
69249,2422
69268,2163
69278,3511
69328,947
69332,1880
69530,2887
69540,2523
69541,860
69562,2896
69616,2757
69622,2838
69667,2843
69669,1811
69683,3606
69684,4695
69688,4694
69691,1991
69700,2842
69741,4309
69834,5265
69847,2146
69864,1814
69871,2148
69890,2876
69943,901
69944,3330
69957,2193
70045,3490
70187,2611
70231,2293
70242,5063
70247,2565
70276,964
70285,4563
70297,4703
70327,4977
70335,1608
70367,2151
70372,4975
70423,82
70480,1809
70532,4979
70538,367
70547,1815
70817,1110
70843,2566
70848,2912
70849,2635
70853,2594
70864,124
70917,853
70999,2217
71075,
71115,5088
71276,2309
71323,679
71693,2732
71709,2581
71725,2118
71741,5112
71790,3270
71849,1166
71899,718
71934,841
72036,3289
72075,
72083,4894
72084,1605
72158,2881
72185,2161
72222,379
72384,2854
72483,5113
72682,1006
72756,4731
72911,75
73005,4049
73006,2252
73007,3733
73012,3792
73048,912
73121,1101
73162,1218
73332,340
73342,89
73433,4675
73483,883
73528,4160
73566,1368
73682,1695
73795,2725
73796,1097
73869,1685
73958,3028
73962,1794
74012,1579
74065,4098
74066,4038
74075,3040
74079,1177
74081,2914
74190,1598
74220,2550
74222,125
74223,3272
74227,2920
74228,4510
74229,2682
74231,3655
74233,5215
74244,3672
74268,2439
74269,2352
74270,2344
74299,2956
74301,3239
74302,3633
74303,4135
74305,2733
74337,2260
74338,3315
74343,2692
74344,5131
74346,
74391,1563
74392,2518
74393,2608
74415,5111
74417,5217
74418,3305
74420,2441
74421,3210
74428,3459
74429,2823
74451,2752
74452,2952
74454,2223
74455,2659
74456,
80842,1609
80847,2934
601504,1291
602927,1259
603334,1751
603335,4078
603345,527
603359,4003
603373,1826
603377,70
603390,1014
603399,1532
603403,4702
603407,4763
603419,4743
603421,1775
603427,4684
603429,2240
603430,4607
603450,1548
603470,2184
603471,
603477,4487
603478,930
603485,2703
603511,4041
603512,
603514,4765
603516,1137
603517,1757
603528,4760
603540,
603571,4929
603573,3499
603574,5000
603578,937
603583,1254
603592,4728
603610,4931
603614,4266
603624,4294
603630,1916
603635,495
603638,3540
603646,2158
603666,766
603678,155
603693,2413
603696,1280
603707,1276
603712,4899
603715,4861
603727,4774
603762,1585
603765,2371
603775,1755
603818,848
603825,742
603839,4138
603846,3156
609021,2256
609060,2092
609105,4641
609106,4641
609115,1481
609201,3339
609206,1526
609257,4832
609281,2311
609282,75
609295,4726
609315,2663
609365,2662
609367,
609495,2420
609595,1717
609599,1247
609612,2871
609747,1099
609805,267
609888,1988
610023,1402
610094,84
610113,982
610151,2900
610190,1795
610371,532
610374,837
610428,2368
610434,45
610436,45
610437,45
610438,45
610439,45
610481,3648
610512,164
610545,3634
610549,855
610616,4961
610753,1789
610891,3376
610896,2175
610914,3385
610968,2599
611012,2536
611082,4046
611114,2553
611176,834
611211,2615
611247,2951
611277,2181
611337,2851
611576,3364
611684,2576
611711,1541
611727,779
611809,2572
611860,1299
611941,2135
612009,759
612438,4639
613018,1414
613501,2748
613758,4366
613759,62
613779,5129
613837,2350
614123,
614160,1746
614278,337
614358,364
614480,2538
614506,
614545,1894
614550,4357
614647,3137
614682,2535
614768,2532
614860,2531
614955,2510
615140,4485
615159,2711
615181,4242
615304,699
615368,390
615418,4634
615444,2528
615598,261
615918,1512
616184,1837
616210,
616228,
616241,5077
616540,2721
616541,2793
616721,4176
616738,2872
617025,1234
617403,2930
617610,2294
617611,2294
617869,3442
617900,2176
618001,4642
618078,791
618290,2637
618363,4848
619449,3343
619483,2143
619491,3484
619597,5043
619929,4904
619933,2351
619950,2412
620355,5299
620443,2357
620454,2522
620474,1555
620488,4434
620491,2529
620514,
620715,2530
620835,120
620889,
621110,2100
621131,4007
621268,2450
621631,871
621651,3212
621876,2511
621913,2673
622094,630
622096,610
622514,1271
622515,2715
622658,683
622662,2525
622731,4440
623295,2025
623776,3216
623875,4711
624661,3631
624803,1434
624808,3090
624917,2259
625065,3023
625619,2728
626117,2007
626205,4105
626577,4952
626669,
626670,3549
626723,2884
627313,5103
627809,2591
627818,2471
627988,479
628415,4850
628752,2932
629216,3969
629836,4720
629854,1680
630502,1415
630588,43
630796,3690
631122,772
631144,360
632387,564
633246,4881
633507,3983
633937,3060
634130,3485
634269,
634440,173
634441,173
634442,173
634510,743
634512,1233
634678,205
635628,3450
635657,2174
635678,1172
635798,727
635799,2216
635821,476
635876,3404
635877,3448
635891,3786
635973,3806
636079,1444
636110,508
636217,1450
636719,1335
637193,4910
637590,2363
638219,3074
638266,743
638865,1283
639131,2185
639321,5248
639452,1515
640766,4549
640772,536
642137,1416
642183,4432
642592,2666
643008,1260
643176,4096
643885,4908
643968,1255
643991,1774
644883,961
646247,760
652015,1499
656301,3525
656457,3995
657387,3600
659804,985
659859,4875
660101,4849
661198,1929
662826,578
662837,4876
663368,944
666000,1348
667860,2359
668031,873
668367,1802
669254,3964
669415,2968
672930,1340
673544,3099
676164,697
676165,697
677677,4928
677688,851
677871,4775
678654,3693
678656,3441
679472,490
680298,2770
680569,4871
680934,405
682316,1556
684640,3123
684929,2152
685236,1405
686041,2640
686992,1856
687020,1376
687047,655
687760,5119
687867,2714
688086,463
691360,5161
698218,2155
700437,2178
715912,684
715913,361
715914,797
715947,889
715948,281
715949,285
715950,198
715951,176
715952,146
715953,3
715954,293
715955,429
715956,945
715957,682
715958,292
715959,826
715960,655
715961,965
715962,430
715963,290
715964,277
715965,819
715966,4789
715967,367
715968,809
715969,355
715970,798
715971,146
715972,958
715973,369
715974,368
715975,706
715976,769
715977,680
715978,946
715979,826
715980,184
715981,959
715982,868
715983,281
715984,295
715985,433
715986,955
715987,146
715988,958
716003,4336
716004,4194
716005,4190
716006,4614
716007,3939
716008,3634
716009,3793
716010,3782
716011,4999
716012,2160
716013,5156
716014,2799
716015,4128
716016,2801
716017,3755
716018,2445
716019,1433
716020,1449
716021,1445
716022,1401
716023,1373
716024,1398
716025,1901
716026,1906
716027,98
716028,158
716029,157
716030,75
716086,167
716087,809
716088,729
716089,816
716090,424
716091,836
716092,1750
716093,1644
716094,1930
716095,1669
716096,1734
716097,1652
716098,1673
716099,1432
716100,1488
716101,1432
716102,1448
716103,1449
716104,3751
716105,5219
716106,3311
716108,5150
716109,3436
716110,3531
716111,3466
716112,5035
716410,891
716411,168
716412,69
716413,423
716414,664
716415,665
716433,1813
716434,2261
716435,1749
716436,4358
716437,2623
716438,2830
716439,2993
716440,2938
716441,4268
716445,83
716643,1666
716644,1881
716645,1621
716646,5047
716647,1278
716648,4943
716649,4874
716650,1961
716651,1279
716652,4723
716654,3121
716655,5093
716656,3460
716657,1198
716658,1082
716659,4155
716660,5102
716661,1188
716662,3061
716663,3456
716665,6
716674,694
716675,714
716676,963
716677,964
716678,942
716679,346
716680,801
716681,229
716682,1171
716683,797
716684,2111
716685,797
716686,797
716687,797
716688,795
716689,4853
716690,265
716691,265
716692,1111
716693,871
716694,727
716695,727
716696,1015
716697,382
716698,75
716699,5321
716700,103
716701,5397
716702,75
716703,41
716704,26
716778,281
716779,433
716780,668
716782,3541
716783,610
716784,90
716785,89
716786,5155
716802,2831
716943,3438
716946,3372
716947,3194
716948,1114
716949,3638
716950,1116
716951,1265
716952,2990
716954,201
716955,951
716956,4216
716958,830
716959,1018
716963,2521
716964,0
716965,11
716966,544
716968,4249
717101,5181
717102,3227
717103,3653
717104,3921
717105,3206
717106,4808
717107,3411
717108,1286
717109,1095
717112,3146
717113,1944
717114,1844
717115,1844
717116,4945
717117,1835
717119,1790
717121,3494
717122,1963
717123,4148
717124,543
717125,642
717126,5288
717128,85
717130,560
717131,617
717296,3225
717297,869
717298,1150
717299,958
717300,1168
717301,964
717302,4647
717303,4659
717304,148
717305,659
717309,719
717310,2804
717311,2481
717312,2290
717313,2397
717315,4965
717316,1910
717317,1910
717318,1851
717319,1889
717320,1883
717349,90
717350,1225
717351,2045
717352,2247
717353,3669
717354,1141
717357,3465
717361,5029
717362,5060
717363,1225
717364,5028
717365,2191
717366,2159
717367,2105
717368,2214
717369,5078
717370,3171
717371,2961
717372,3228
717373,3151
717374,3108
717375,4097
717376,1073
717377,3011
717378,2346
717379,3178
717380,4097
717381,5180
717382,3207
717383,3175
717384,3001
717385,5090
717386,2925
717387,3074
717388,2394
717389,0
717390,3047
717392,5141
717393,3655
717394,3063
717395,2863
717396,3161
717397,3069
717398,1054
717399,5353
717400,2779
717503,2107
717506,3342
717507,3677
717883,4696
717884,954
717886,470
717887,482
717888,2399
717889,4598
717890,917
717891,1627
717892,1675
717893,2008
717894,1938
717895,1992
717896,2090
717897,2455
717898,2454
717931,621
717932,623
717933,512
717934,4853
717935,1624
717936,995
717937,1689
717938,1624
717939,1941
717940,1984
717941,5007
717942,1660
717943,1951
717944,1886
717945,5004
717946,2967
717947,2355
717948,1648
717949,2274
717950,621
717951,3145
717952,1977
717953,1048
717954,2821
717955,2923
717956,2810
717957,4948
717958,2033
717959,2833
717960,3691
717961,5105
717962,4565
717963,3174
718048,1048
718049,4329
718050,1970
718051,2660
718052,3208
718053,2428
718054,3076
718055,3188
718056,3035
718057,2777
718058,2002
718059,1854
718060,2930
718061,1997
718062,1676
718538,2798
718783,4518
718784,4615
718785,3113
718786,3341
718787,1072
718789,3825
718790,1114
718791,5079
718792,1958
718793,2231
718794,2088
718795,4987
718796,3193
718797,2042
718798,2372
718799,2048
718800,3938
718801,3019
718802,3454
718803,1972
718804,1076
718805,2828
718806,3042
718807,1939
718808,2046
718809,4989
718810,2442
718811,3204
718812,2782
718813,2869
718814,3224
718815,1602
718816,5178
718817,334
718818,1963
718819,1633
718820,5181
718821,3202
718822,2906
718823,3160
718824,1635
718825,2069
718826,2940
718827,4996
718828,1693
718829,3135
718832,1820
718833,3437
718834,5037
718835,2040
718836,2084
718837,2944
718838,1634
718839,1570
718841,2189
718842,1671
718843,3231
718844,482
718845,1698
718846,2038
718847,1643
718848,4437
718849,1632
718850,1942
718851,5046
718852,3261
718853,2549
718854,1707
718855,5080
718856,2349
718857,2941
718858,3494
718859,2860
718860,1885
718861,3032
718862,3148
718863,3497
718864,2393
718865,9999
718866,333
718867,3694
718868,4985
718869,5015
718870,1866
718871,1721
718872,2444
718873,1691
718874,3599
718875,4577
718876,885
718877,4611
718878,3462
718879,5143
718880,2113
718881,2324
718882,5025
718883,2734
718884,2650
718885,1985
718886,1623
718887,2436
718897,4649
718898,2768
718899,2742
718900,2909
718901,1641
718902,1080
718903,3186
718904,5006
718905,1673
718906,2987
718907,3363
718908,1677
718909,1867
718910,1937
718911,1647
718912,1983
718913,1650
718914,3033
718915,1879
718916,1878
718917,5017
718918,1650
718919,1668
718920,1934
718921,1422
718922,2822
718923,1805
718924,1625
718925,3259
718926,1662
718948,1819
718957,4969
718958,1622
718959,1627
718960,2050
718961,2966
718962,5014
718963,1673
718964,1565
718965,2087
718966,2052
718967,1631
718968,1871
718969,1284
718970,1881
718971,634
718972,332
718973,2385
718974,5001
718975,3079
718976,2290
718977,5008
718978,1947
718979,4995
718980,4165
718981,2336
718982,2921
718983,1658
718984,1671
718985,2018
718986,5047
718987,2392
718988,2030
718989,2383
718990,1817
719810,4638
719811,0
719812,2465
719813,3500
719814,4677
719815,5003
719816,2387
719817,2055
719818,5039
719819,1675
719820,2442
719821,5031
719822,4807
719823,9987
719824,417
719825,1682
719826,211
719827,212
719828,213
719829,2504
719830,2483
719831,2451
719832,2501
719833,1679
719834,230
719835,9986
719836,2239
719837,2858
719838,9999
719839,4182
719840,9979
719842,2086
719843,505
719844,1678
719845,5058
719846,2505
719847,3615
719848,1061
719849,0
719850,5138
719851,3481
719852,3223
719853,2904
719854,1213
719855,2806
719856,2984
719857,2840
719858,2469
719860,2453
719862,1631
719863,5057
719864,3100
719865,3220
719866,1729
719867,2684
719868,2548
719869,1970
719870,1248
719871,2117
719872,1660
719873,2778
719874,2921
719875,5051
719893,3544
719894,4709
719896,5017
719899,5428
719900,827
719901,2114
719902,2113
719903,1058
719904,2044
719905,2788
719906,4932
719907,2068
719908,5032
719909,1150
719910,4708
719911,1224
719912,2480
719913,2003
719914,1264
719916,2155
719917,5407
719918,2621
719919,2051
719920,2069
719921,0
719922,4490
719923,2379
719924,3036
719925,1675
719926,482
719928,291
719930,1464
719931,4749
719932,3226
719933,78
719934,76
719935,2061
719936,5097
719937,3169
719938,824
719939,2486
719940,3281
719941,1962
719942,2424
719943,4192
719945,2276
719946,7420
719947,1672
719948,1770
719949,2024
719950,5601
719951,1908
719952,936
719953,2085
719954,1098
719955,4483
719956,2696
719958,3615
719959,3172
719960,2499
719962,2502
719963,2495
719964,3198
719965,3222
719966,3731
719967,1968
719968,3731
719969,2478
719970,2053
719971,1987
719972,3598
719973,4203
719974,416
719975,1121
719976,1953
719977,1572
719978,2075
719979,2366
719980,2011
719981,2955
719982,2156
719983,2771
719984,3003
719985,2976
719987,1737
719988,5119
719989,2098
719990,2098
719991,1834
719992,3407
719993,2965
719994,2795
719995,0
719996,3845
719997,2297
719998,1963
720000,5051
720001,1700
720002,138
720003,169
720004,103
720006,998
720007,911
720008,1037
720009,1988
720010,2449
720011,9999
722001,2110
722202,1986
722203,1222
722204,2070
722205,1963
722206,2463
722207,2074
722208,5085
722209,3645
722210,3502
722211,5056
722212,4939
722213,1633
722214,2232
722215,2266
722216,2803
722217,2054
722218,2093
722219,3377
722220,2062
722221,1858
722222,3185
722223,2080
722224,4918
722226,4691
722227,2119
722228,220
722229,3031
722232,1737
722233,3584
722234,781
722235,5181
722236,4917
722237,3587
722238,2369
722239,2369
722240,1454
722241,4587
722242,1859
722243,4517
722244,3694
722245,3369
722246,3430
722247,5378
722248,1696
722249,5022
722250,1945
722251,1226
722252,3015
722253,1861
722254,3337
722255,3092
722256,1727
722257,2387
722258,1284
722259,3094
722260,2110
722261,2021
722262,2668
722263,1735
722264,2516
722265,862
722266,730
722267,910
722268,572
722269,2743
722270,3731
722271,2085
722272,3731
722273,2202
722274,409
722275,2202
722276,3198
722277,906
722278,4707
722279,3122
722280,4699
723472,0
723473,0
723832,2328
723833,3726
723836,1691
723873,4170
724101,998
724102,1886
724103,1816
724104,1629
724106,5358
724107,1604
724108,1659
724109,2791
724110,2807
724112,1865
724115,2049
724116,2808
724117,2041
724118,1907
724119,2792
724120,1569
724121,1711
724122,5173
724123,931
724124,5076
724125,1571
724126,4589
724127,2323
724128,5045
724129,1965
724130,4915
724131,3590
724132,3781
724133,1227
724134,2945
724135,2926
724136,889
724137,5143
724138,2534
724139,5005
724140,2658
724141,2935
724142,1730
724143,5174
724144,2042
724145,5159
724146,3731
724147,1673
724148,2267
724149,5073
724150,3731
724151,2499
724152,3640
724153,5086
724154,2651
724156,4725
724157,2391
724159,2539
724160,2544
724161,2545
724162,2996
724163,4599
724164,1965
724165,1682
724166,2205
724167,9986
724169,2353
724170,2225
724171,2010
724172,2034
724173,2625
724174,2360
724175,1640
724516,2177
724517,4982
724518,2738
724519,4853
724520,5357
724521,2964
724522,9981
724523,2828
724524,575
724527,3200
724528,2194
724529,5171
724530,2213
724531,2057
724532,2037
724533,1700
724534,1635
724535,87
724536,1987
724537,2195
724538,5430
724539,3358
724540,1206
724541,48
724542,3196
724543,5108
724544,4151
724545,2546
724546,2893
724547,3219
724548,1639
724549,3279
724550,3116
724551,3389
724552,2789
724553,4706
724554,4324
724555,906
724556,1055
724557,3408
724558,2312
724559,9993
724560,562
724561,2902
724563,1058
724564,2327
724565,1568
724566,4943
724567,8501
724568,2265
724569,2394
724570,1179
724571,2279
724572,4163
724573,4268
724575,4190
724576,5122
724577,2580
724578,4267
724579,2274
724580,4006
724581,628
724582,2542
724802,0
724803,3968
724805,2603
724808,3051
724811,3046
724812,916
724813,925
724814,2558
724815,152
724816,1007
724817,2325
724818,3198
724821,4101
724822,1735
724823,1124
725516,3120
725517,3058
725518,2982
725519,1965
725521,2667
725523,2897
725526,2754
725527,1646
725528,521
725529,5098
725530,1097
725531,2267
725532,2742
725533,4133
725536,2009
725537,3682
725539,3561
725541,2634
725542,1264
725544,146
725546,138
725549,685
725550,168
725552,4516
725554,825
725558,493
725561,2520
725563,2496
725565,1347
725568,1982
725569,1630
725570,1826
725572,1967
725573,1487
725574,1666
725579,1913
725580,4543
725581,3565
725582,2228
725657,460
725658,3070
725660,2563
725661,2745
725662,354
725673,2820
725674,506
725675,1621
725676,2811
725679,5074
725680,5109
725681,4636
725682,3770
725683,2573
725684,1823
725685,5130
725686,2168
725687,5061
725688,3001
725689,2533
725690,85
725691,4827
725692,2996
725714,2047
725759,2211
725760,2800
725761,1990
726949,788
726950,2150
726951,3056
726952,415
726953,1651
726954,1973
726955,5018
727198,2392
727200,1259
727201,2876
727941,0
728024,5031
728025,4751
728362,226
728363,1894
730138,2454
18253,2
18867,2
18933,2
19291,2
20515,2
16224,4
12950,5
13683,6
2972,8
2411,9
19016,9
19023,9
19931,9
20031,9
6722,10
46336,12
8203,13
13537,18
611562,19
55757,21
7931,23
24923,23
27167,23
45206,27
8215,30
45219,31
45188,33
45434,34
10606,35
9772,36
10881,37
59056,38
9814,39
29588,41
16168,42
2453,43
7370,43
19326,43
17280,45
73895,46
56932,48
10650,49
15902,51
788,54
57391,56
57177,57
655182,57
793,59
9435,60
11945,63
13310,64
14236,65
20844,67
27081,69
30399,70
44097,70
23151,71
1002,72
9998,74
702044,76
1008,95
11027,98
11327,102
24117,105
50360,118
73599,118
73600,118
13001,121
15288,126
11355,127
10221,128
9788,129
9446,131
9489,133
12201,134
9414,135
9658,136
9395,146
864,149
9477,154
27124,156
9413,167
24468,168
22343,170
17427,171
11517,172
16846,173
4390,176
22333,178
9412,181
4928,184
941050,196
9430,198
9416,201
9409,205
9421,214
27698,215
27028,217
957,219
617349,221
617498,221
13868,222
9402,223
20758,227
170527,228
914,229
10361,241
1027,250
10041,251
982,257
59608,263
977,265
15082,273
10222,274
10749,275
57728,277
617321,280
24146,281
969,284
10965,290
9401,292
24688,294
24669,304
24687,323
21167,324
49475,348
637012,348
18885,361
17254,366
22058,373
7992,384
22173,396
603651,398
17909,403
9539,408
16742,413
17889,419
9615,423
13381,426
3321,429
9751,431
12485,433
54008,435
17263,438
15955,442
9676,443
24651,445
11412,446
24169,448
20596,450
24020,456
10798,459
15719,460
20366,462
11326,478
11325,479
18710,487
11205,491
11204,493
11139,494
11215,496
15483,497
9716,498
10648,502
9428,511
24699,512
9429,518
9723,521
9427,523
11319,524
9578,533
15715,534
12579,543
9479,546
12879,547
48547,555
73106,556
9440,559
11538,565
11216,567
45644,568
10550,569
22375,570
13893,574
11147,576
13163,579
9571,586
14836,587
27151,588
291178,590
17470,591
13174,593
16122,597
9579,599
13760,600
11466,604
24637,605
10568,606
18170,608
9572,610
15093,612
27858,613
11378,620
13823,622
12313,625
12414,626
119911,631
12152,636
19537,637
10127,639
10925,641
12304,643
9684,646
12310,650
18588,651
13942,653
16141,656
21007,657
21021,658
15349,659
9065,660
11411,665
14265,667
18749,671
17008,673
9490,674
216114,677
16490,689
12452,691
16971,692
16105,693
11440,694
18768,697
20378,725
13869,728
9995,734
1021,738
1020,739
1019,740
20254,741
1024,745
1032,746
1022,748
16425,749
7645,753
1746,762
13209,764
12935,769
2450,775
12785,778
15853,780
15915,783
7069,784
15851,785
21139,787
24694,790
17443,793
23402,793
12934,801
23365,805
23350,806
23351,808
24708,809
23278,817
276870,824
15942,829
15803,833
15852,835
21148,839
14410,840
14243,842
14524,843
17161,844
17788,854
24044,857
16794,861
24247,863
23369,865
23375,870
17521,874
24291,875
22159,888
33421,892
24379,910
24183,911
22933,913
24215,914
24416,915
30093,919
24370,921
22377,922
22339,923
22372,924
27145,927
22385,938
24865,939
24862,949
13796,955
16131,958
4328,959
24807,973
19567,983
13477,984
17729,986
20762,995
22595,996
24265,999
22433,1000
24185,1007
19600,1011
2906,1012
19954,1013
19603,1015
19575,1017
8867,1018
24675,1019
29093,1027
17543,1032
17079,1034
17078,1036
21437,1038
24461,1039
18266,1040
19457,1043
17113,1045
17101,1049
17100,1050
24417,1051
24856,1052
24181,1053
21672,1056
17642,1059
17664,1060
17454,1062
24449,1065
24679,1066
18793,1071
17385,1077
17066,1081
24703,1087
635801,1088
19918,1090
17373,1092
17374,1100
23265,1104
15891,1106
15997,1107
15820,1109
15957,1113
24728,1114
15815,1117
22175,1118
15843,1119
11954,1125
14304,1126
11990,1127
15881,1129
11917,1131
12817,1132
12802,1136
11967,1139
15927,1140
11983,1142
11985,1143
15894,1145
11964,1146
24228,1147
24276,1148
14048,1153
11918,1154
12033,1155
11878,1156
17296,1158
17315,1159
17375,1160
9279,1162
17378,1163
11969,1164
11982,1166
24275,1167
9400,1170
15861,1178
19755,1179
1181,1181
17331,1182
17309,1183
17500,1184
18723,1185
18757,1186
15841,1187
27137,1195
19920,1201
19903,1202
19902,1203
13329,1210
10877,1216
16084,1223
13409,1224
13260,1228
9891,1229
13298,1230
13034,1231
13398,1232
13386,1242
13033,1243
56557,1243
17220,1245
10822,1248
9913,1250
11783,1251
1257,1257
9894,1261
6034403,1265
15503,1267
24463,1270
11182,1272
13270,1273
10731,1274
10042,1275
10920,1277
10900,1278
10911,1284
9768,1292
10696,1294
13380,1295
10047,1296
10857,1303
10875,1305
10096,1307
10034,1308
24006,1311
60071,1312
16230,1313
16357,1314
13888,1315
13889,1316
10048,1317
13250,1318
9834,1319
20877,1326
16365,1329
16301,1330
16367,1332
22782,1333
14274,1334
12230,1336
659424,1339
21965,1340
16016,1346
13776,1349
22406,1351
12083,1353
16850,1377
13986,1382
20430,1386
17129,1387
19556,1388
19558,1388
22477,1388
5240,1390
7432,1390
15912,1390
17595,1390
24603,1398
21466,1438
15103,1454
16320,1492
17288,1493
24610,1495
24707,1496
15651,1505
11134,1506
10030,1509
10032,1510
13227,1511
10916,1513
10666,1514
13236,1515
11133,1516
10049,1517
10031,1520
18166,1525
12901,1527
13233,1528
13232,1529
13259,1531
1320,1533
9770,1534
15737,1535
13490,1536
18799,1537
13411,1538
13110,1539
13113,1540
10641,1542
10022,1543
56730,1549
724525,1557
24482,1558
22930,1577
24046,1580
24355,1586
12446,1593
24163,1611
24012,1617
96682,1720
608105,1740
13253,1742
23393,1743
54321,1743
12167,1747
17822,1753
14159,1754
15893,1768
1135,1773
16153,1776
15587,1778
15812,1782
19429,1788
62189,1798
23047,1825
23006,1827
24888,1828
23046,1830
23048,1832
15642,1840
24658,1845
27292,1849
2050,1887
24430,1891
131,1902
24648,1993
11302,2001
9649,2003
2698,2005
30993,2012
24406,2024
20333,2029
24019,2031
24550,2033
16213,2102
24913,2106
24068,2108
23005,2126
14950,2144
15319,2147
14987,2154
16473,2169
15385,2170
6596,2172
13567,2204
15249,2208
3280,2209
3495,2213
15122,2218
15017,2222
61621,2226
260514,2229
63471,2230
24153,2245
24802,2246
24499,2250
24018,2270
23250,2271
23345,2273
24921,2286
2083,2287
617618,2294
617619,2294
24646,2295
23394,2301
2293,2303
23063,2304
23094,2305
24376,2310
23217,2314
27057,2317
603515,2329
24195,2364
27109,2365
71718,2390
27594,2407
9902,2418
23059,2421
24836,2424
24803,2425
24883,2427
24757,2438
461115,2508
60354,2524
23121,2562
18497,2574
24555,2597
24125,2606
23007,2607
22955,2621
23223,2626
23142,2646
23326,2652
46150,2665
24875,2675
15151,2677
23066,2678
23041,2681
17114,2686
23072,2698
23361,2710
24798,2712
33793,2713
22322,2723
27075,2727
24301,2740
23359,2765
234570,2766
24816,2767
1437085,2769
24889,2773
60569,2775
24519,2839
24712,2845
24527,2846
27197,2858
727915,2875
21432,2879
45121,2889
23451,2894
50726,2910
27132,2979
24929,2983
60937,2986
34269,3012
24681,3072
27501,3102
23200,3110
23201,3111
23233,3119
23197,3120
23147,3124
11228,3158
61729,3165
451141,3166
13488,3302
66178,3308
684675,3312
20039,3318
27558,3323
20012,3325
21890,3329
30793,3333
21439,3335
21471,3340
23195,3346
24710,3348
23452,3354
23435,3368
21359,3375
633201,3383
23405,3395
23286,3396
23189,3416
23234,3418
684679,3429
635785,3453
2493,3455
24944,3458
24825,3461
24948,3463
21808,3472
24100,3476
27196,3477
21360,3497
21353,3504
21413,3510
24842,3527
24828,3532
24832,3534
19588,3538
96772,3539
24388,3542
626666,3550
20132,3553
20349,3560
20967,3561
20611,3566
19812,3571
20025,3572
17464,3579
20340,3581
23241,3583
17401,3586
24143,3590
24598,3591
41387,3597
24826,3599
24831,3601
27084,3603
19952,3604
17414,3608
17869,3611
24843,3632
601513,3636
49316,3639
24830,3641
24678,3642
24827,3643
24858,3646
24926,3647
24937,3650
24829,3656
19793,3664
56850,3673
71943,3678
722231,3684
65763,3686
67570,3687
724526,3688
51022,3698
57318,3699
47810,3700
29960,3702
30379,3709
60520,3710
625996,3711
684677,3712
24711,3713
717359,3713
29218,3714
30321,3715
45973,3716
57445,3717
30034,3718
45053,3719
684669,3721
46145,3737
49934,3738
716945,3738
61392,3740
46082,3741
47811,3742
76967,3746
301106,3747
46020,3750
717110,3752
45999,3753
44283,3754
719957,3755
570,3756
44772,3758
33674,3759
58416,3760
59456,3761
13669,3763
71944,3764
18882,3765
718840,3766
627198,3767
19618,3772
63515,3809
72124,3820
74080,3824
622956,3825
4426,3826
33741,3827
73011,3828
30868,3830
718788,3833
73008,3834
22207,3841
45531,3843
30673,3844
716944,3845
60808,3846
17515,3847
226220,3848
44082,3849
46429,3852
20076,3853
30004,3854
29932,3855
33366,3856
45768,3858
24320,3860
51738,3861
73564,3862
37251,3863
716664,3865
13985,3866
73009,3868
3271,3869
44430,3870
24321,3872
45234,3873
616646,3875
45424,3876
611649,3880
63067,3882
613858,3883
63353,3886
11568,3887
637547,3887
45769,3888
37697,3889
12404,3891
44449,3892
11563,3893
46051,3894
24924,3895
12865,3898
11620,3899
11827,3900
11611,3902
19133,3903
18741,3906
46180,3907
13705,3909
18753,3910
18752,3912
12320,3913
21493,3915
13824,3919
11569,3921
12296,3922
12195,3924
21310,3925
22657,3927
47244,3931
19957,3934
17478,3941
22464,3942
18191,3943
16507,3946
12299,3948
12297,3950
12295,3952
11629,3953
11726,3956
11576,3958
12075,3960
12076,3962
24916,3974
17519,3977
12074,3979
17579,3982
12077,3985
14769,3992
14472,3993
12062,3994
17587,3996
17586,3999
17412,4005
13742,4011
19759,4017
27007,4018
17415,4019
20264,4020
19451,4022
17382,4023
17347,4024
27123,4026
24584,4028
20272,4030
27726,4032
14038,4033
14140,4036
24729,4040
12391,4042
12396,4043
19088,4052
12395,4053
23330,4054
11506,4058
12392,4059
12394,4060
12397,4061
24860,4063
17075,4081
17328,4085
17329,4087
17311,4088
17700,4091
24631,4095
17295,4099
24702,4100
17365,4101
47126,4102
24440,4103
18788,4110
14743,4111
14519,4112
14258,4113
20294,4118
15763,4119
15704,4120
20299,4122
20752,4124
11951,4125
11977,4128
15740,4129
17325,4130
11933,4132
11928,4134
24685,4136
24520,4137
14934,4140
20990,4141
24874,4142
11991,4143
24855,4153
22370,4156
11958,4159
17451,4161
14578,4162
9399,4172
9721,4173
19597,4174
13852,4178
12792,4179
18996,4185
12918,4186
11972,4195
12010,4196
30200,4197
11924,4198
12909,4199
628758,4201
11605,4202
55820,4203
48296,4204
23058,4205
71341,4206
44365,4207
11829,4209
61435,4210
45040,4212
12268,4214
9703,4216
48104,4217
56372,4218
17764,4220
44774,4223
11904,4224
27682,4225
44541,4226
12916,4227
33938,4229
13105,4230
11919,4231
24952,4234
9573,4236
11461,4237
24551,4238
12424,4243
9607,4251
20414,4252
21569,4259
11304,4260
45855,4262
16107,4264
9699,4269
21810,4271
19910,4273
11957,4274
19641,4275
11401,4276
44367,4277
9675,4282
14744,4283
18990,4284
14834,4285
14235,4287
21014,4289
20978,4290
12137,4299
12475,4300
12133,4302
12110,4303
12135,4304
12139,4305
12659,4306
12153,4310
12134,4311
12109,4312
24408,4314
22432,4315
27001,4317
27653,4318
24990,4319
21876,4324
11277,4325
19637,4326
9694,4327
22442,4328
14090,4332
19209,4333
14056,4334
3791,4337
11719,4338
9720,4340
47412,4342
11086,4350
11645,4352
66865,4354
11374,4355
21711,4359
37647,4363
12945,4365
12151,4367
46418,4371
24758,4374
7428,4375
18279,4376
27315,4377
24574,4378
14421,4379
9690,4380
9978,4381
12012,4382
639500,4383
46412,4386
33681,4387
11950,4388
63570,4389
11882,4391
12892,4392
46439,4393
15938,4394
45300,4396
12136,4397
53062,4400
11540,4401
11830,4405
11840,4406
14434,4407
11433,4409
45160,4410
12216,4411
16608,4412
624898,4413
624516,4414
24628,4417
11498,4419
24849,4420
617995,4421
60698,4422
72983,4424
12474,4425
58530,4428
1700,4429
12402,4430
11405,4432
37582,4438
11373,4439
11446,4443
44874,4445
17058,4446
9011,4447
45347,4448
37921,4449
51363,4450
33900,4452
11683,4454
19214,4455
11447,4456
11567,4459
11671,4466
60801,4467
11564,4469
27425,4474
19464,4475
638416,4475
44545,4476
62444,4477
18616,4478
24179,4478
1619,4479
12415,4482
11631,4490
24810,4496
12317,4497
14496,4500
9689,4503
22441,4504
10136,4505
14032,4508
17341,4509
33665,4511
12323,4513
12308,4515
24306,4516
14148,4517
11628,4519
66165,4520
12306,4522
14198,4527
21292,4528
12793,4530
12801,4531
12799,4533
9752,4537
10131,4538
24684,4540
24690,4544
22478,4545
14746,4551
18027,4552
14106,4553
11464,4557
14671,4558
49672,4561
24695,4565
22454,4566
14835,4567
22592,4568
9715,4572
14506,4575
15718,4577
20694,4580
20291,4582
20325,4584
20293,4585
20188,4586
4596,4596
4346,4605
30988,4612
9084,4626
16372,4628
37524962,4630
24521,4631
12259,4640
18711,4645
22329,4653
4656,4656
20126,4658
24759,4659
24766,4660
13086,4665
11995,4672
9974,4676
19536,4677
21087,4678
11553,4681
11206,4683
11789,4690
11849,4698
12121,4699
22386,4704
4705,4705
23373,4707
22096,4709
10871,4730
10609,4736
6153,4738
10824,4741
10730,4742
10821,4745
10512,4746
10902,4751
10026,4752
24003,4757
10095,4758
10820,4764
10856,4766
27127,4767
9784,4769
10668,4770
4772,4772
10027,4773
13240,4776
16453,4778
13387,4779
11984,4780
12784,4781
24727,4785
11966,4787
17377,4794
4798,4798
17332,4800
12220,4811
12277,4813
13022,4814
13408,4816
9985,4817
10659,4819
13399,4821
13397,4822
12953,4823
13385,4824
13328,4827
307007,4835
11980,4837
4840,4841
11979,4842
1930,4843
24227,4847
18884,4850
24182,4857
24796,4860
18116,4878
61864,4879
46706,4887
16270,4890
12287,4898
13239,4900
11692,4901
13256,4902
11388,4907
18469,4909
10025,4913
16216,4917
11011,4926
27353,4930
1565,4949
11243,4950
3944,4953
16520,4955
658522,4958
15133,4962
13242,4966
12166,4968
13566,5059
1966,5120
69102,5125
716107,5149
37009,5186
620511,5187
45237,5188
11617,5190
71516,5192
611924,5194
70813,5195
716653,5198
717391,5201
722230,5201
684636,5202
24949,5210
27104,5232
12877,5236
20292,5237
11614,5239
11913,5240
18789,5249
18771,5252
51779,5253
15775,5254
14176,5259
17335,5260
14471,5261
11434,5263
9976,5266
23442,5271
22232,5273
22466,5274
11770,5279
15433,5290
10569,5292
11893,5294
11973,5295
11932,5296
22412,5301
20075,5306
24705,5307
17581,5308
17574,5311
10052,5314
36781,5315
409,5316
9776,5317
63800,5318
9793,5319
656493,5320
405,5322
9794,5323
404,5324
9809,5325
9812,5326
72214,5327
612119,5329
622951,5332
628210,5334
68932,5335
640349,5337
29645,5339
37740,5340
33961,5342
45398,5346
47283,5347
33559,5348
720005,5350
624379,5354
27149,5360
20092,5363
624654,5364
49571,5365
59239,5366
71698,5367
614610,5374
637781,5375
66903,5377
619582,5379
623873,5380
27242,5381
29210,5382
27183,5383
615608,5384
24498,5385
30566,5386
62818,5388
702985,5389
29848,5391
60976,5392
24051,5393
30550,5394
55680,5398
719841,9988
716781,0
716953,0
716957,0
716960,0
716961,0
716962,0
716967,0
717111,0
717120,0
717127,0
717129,0
717132,0
717306,0
717307,0
717308,0
717314,0
717355,0
717358,0
717360,0
717885,0
718830,0
718831,0
719859,0
719861,0
719891,0
719892,0
719895,0
719897,0
719898,0
719915,0
719927,0
719929,0
719944,0
719961,0
719986,0
719999,0
724562,0
724574,0
724819,0
724820,0
724883,0
725525,0
725538,0
725560,0
